﻿<?xml version="1.0" encoding="utf-8"?>
<Connections>
  <Connection Name="A2800-0227">
    <KNET> 
      <!-- Connect to DUMMY eqp node -->
      <LibraryType Value="XSC" />
      <!-- Allowed values are 'XSC' and 'Binary' -->
      <LibraryLocation Value="Eap.xsc" />
      <AllowInterleave Value="True" />
      <!-- Allowed values are 'True' and 'False' -->
      <AllowMultipleOpen Value="False" />
      <!-- Allowed values are 'True' and 'False' -->
      <AllowtDuplicatedBlocks Value="True" />
      <!-- Allowed values are 'True' and 'False' -->
      <AutoBaudRate Value="True" />
      <!-- Allowed values are 'True' and 'False' -->
      <AutoDevice Value="True" />
      <!-- Allowed values are 'True' and 'False' -->
      <BaudRate Value="9600" />
      <!-- Default value is '9600' -->
      <ConnectionMode Value="Passive" />
      <!-- Allowed values are 'Active' and 'Passive' -->
      <DeviceID Value="0" />
      <IgnoreSystemByte Value="True" />
      <!-- Allowed values are 'True' and 'False' -->
      <IsSecsHost Value="False" />
      <!-- Allowed values are 'True' and 'False' -->
      <LinkTestInterval Value="60" />
      <MonitorEnabled Value="False" />
      <!-- Allowed values are 'True' and 'False' -->
      <NetworkAdrressLocal Value="127.0.0.1" />
      <!--NetworkAddressRemote Value="127.0.0.1" /-->
      <NetworkPortLocal Value="5101" />
      <!--NetworkPortRemote Value="6" /-->
      <Protocol Value="HSMS" />
      <!-- Allowed values are 'HSMS', 'SECSI_RS232' and 'SECSI_TCP' -->
      <RetryLimit Value="3" />
      <SerialPortName Value="COM7" />
      <T1 Value="1" />
      <T2 Value="2" />
      <T3 Value="45" />
      <T4 Value="45" />
      <T5 Value="10" />
      <T6 Value="15" />
      <T7 Value="10" />
      <T8 Value="5" />
    </KNET>
    <EAP>  <!-- Connect  to Olp -->
      <!-- Connect to EAP Server -->
      <LibraryType Value="XSC" />
      <!-- Allowed values are 'XSC' and 'Binary' -->
      <LibraryLocation Value="Eap.xsc" />
      <AllowInterleave Value="True" />
      <!-- Allowed values are 'True' and 'False' -->
      <AllowMultipleOpen Value="False" />
      <!-- Allowed values are 'True' and 'False' -->
      <AllowtDuplicatedBlocks Value="True" />
      <!-- Allowed values are 'True' and 'False' -->
      <AutoBaudRate Value="True" />
      <!-- Allowed values are 'True' and 'False' -->
      <AutoDevice Value="True" />
      <!-- Allowed values are 'True' and 'False' -->
      <BaudRate Value="9600" />
      <!-- Default value is '9600' -->
      <ConnectionMode Value="Passive" />
      <!-- Allowed values are 'Active' and 'Passive' -->
      <DeviceID Value="0" />
      <IgnoreSystemByte Value="True" />
      <!-- Allowed values are 'True' and 'False' -->
      <IsSecsHost Value="False" />
      <!-- Allowed values are 'True' and 'False' -->
      <LinkTestInterval Value="60" />
      <MonitorEnabled Value="False" />
      <!-- Allowed values are 'True' and 'False' -->
      <NetworkAdrressLocal Value="127.0.0.1" />
      <!--NetworkAddressRemote Value="127.0.0.1" /-->
      <NetworkPortLocal Value="5005" />
      <!--NetworkPortRemote Value="8" /-->
      <Protocol Value="HSMS" />
      <!-- Allowed values are 'HSMS', 'SECSI_RS232' and 'SECSI_TCP' -->
      <RetryLimit Value="3" />
      <SerialPortName Value="COM3" />
      <T1 Value="1" />
      <T2 Value="2" />
      <T3 Value="45" />
      <T4 Value="45" />
      <T5 Value="10" />
      <T6 Value="15" />
      <T7 Value="10" />
      <T8 Value="5" />
      <StreamFunctionFilter Value="S12F83,S14F1" />
      <CEIDFilter Value="118,119,124,125,267,275,237" />
    </EAP>
    <Equipment>
      <!-- Connect to Equipment -->
      <LibraryType Value="XSC" />
      <!-- Allowed values are 'XSC' and 'Binary' -->
      <LibraryLocation Value="Eap.xsc" />
      <AllowInterleave Value="True" />
      <!-- Allowed values are 'True' and 'False' -->
      <AllowMultipleOpen Value="False" />
      <!-- Allowed values are 'True' and 'False' -->
      <AllowtDuplicatedBlocks Value="True" />
      <!-- Allowed values are 'True' and 'False' -->
      <AutoBaudRate Value="True" />
      <!-- Allowed values are 'True' and 'False' -->
      <AutoDevice Value="True" />
      <!-- Allowed values are 'True' and 'False' -->
      <BaudRate Value="9600" />
      <!-- Default value is '9600' -->
      <ConnectionMode Value="Active" />
      <!-- Allowed values are 'Active' and 'Passive' -->
      <DeviceID Value="0" />
      <IgnoreSystemByte Value="True" />
      <!-- Allowed values are 'True' and 'False' -->
      <IsSecsHost Value="True" />
      <!-- Allowed values are 'True' and 'False' -->
      <LinkTestInterval Value="60" />
      <MonitorEnabled Value="False" />
      <!-- Allowed values are 'True' and 'False' -->
      <!--NetworkAdrressLocal Value="127.0.0.1" /-->
      <NetworkAddressRemote Value="192.168.100.2" />
      <!--NetworkPortLocal Value="9" /-->
      <NetworkPortRemote Value="10227" />
      <Protocol Value="HSMS" />
      <!-- Allowed values are 'HSMS', 'SECSI_RS232' and 'SECSI_TCP' -->
      <RetryLimit Value="3" />
      <SerialPortName Value="COM5" />
      <T1 Value="1" />
      <T2 Value="2" />
      <T3 Value="45" />
      <T4 Value="45" />
      <T5 Value="10" />
      <T6 Value="10" />
      <T7 Value="10" />
      <T8 Value="5" />
    </Equipment>
  </Connection>
  <Connection Name="dummyA2800-0227">
    <KNET>  <!-- Connect  to WMDU -->
      <!-- Connect to WMDU -->
      <LibraryType Value="XSC" />
      <!-- Allowed values are 'XSC' and 'Binary' -->
      <LibraryLocation Value="Eap.xsc" />
      <AllowInterleave Value="True" />
      <!-- Allowed values are 'True' and 'False' -->
      <AllowMultipleOpen Value="False" />
      <!-- Allowed values are 'True' and 'False' -->
      <AllowtDuplicatedBlocks Value="True" />
      <!-- Allowed values are 'True' and 'False' -->
      <AutoBaudRate Value="True" />
      <!-- Allowed values are 'True' and 'False' -->
      <AutoDevice Value="True" />
      <!-- Allowed values are 'True' and 'False' -->
      <BaudRate Value="9600" />
      <!-- Default value is '9600' -->
      <ConnectionMode Value="Passive" />
      <!-- Allowed values are 'Active' and 'Passive' -->
      <DeviceID Value="0" />
      <IgnoreSystemByte Value="True" />
      <!-- Allowed values are 'True' and 'False' -->
      <IsSecsHost Value="False" />
      <!-- Allowed values are 'True' and 'False' -->
      <LinkTestInterval Value="60" />
      <MonitorEnabled Value="False" />
      <!-- Allowed values are 'True' and 'False' -->
      <NetworkAdrressLocal Value="127.0.0.1" />
      <!--NetworkAddressRemote Value="127.0.0.1" /-->
      <NetworkPortLocal Value="5007" />
      <!--NetworkPortRemote Value="6247" /-->
      <Protocol Value="HSMS" />
      <!-- Allowed values are 'HSMS', 'SECSI_RS232' and 'SECSI_TCP' -->
      <RetryLimit Value="3" />
      <SerialPortName Value="COM7" />
      <T1 Value="1" />
      <T2 Value="2" />
      <T3 Value="45" />
      <T4 Value="45" />
      <T5 Value="10" />
      <T6 Value="15" />
      <T7 Value="10" />
      <T8 Value="5" />
      <StreamFunctionFilter Value="S6F11,S1F13" />
    </KNET>
    <EAP>  <!-- Auto Markout -->
      <!-- Connect  to Auto track In Out -->
      <LibraryType Value="XSC" />
      <!-- Allowed values are 'XSC' and 'Binary' -->
      <LibraryLocation Value="Eap.xsc" />
      <AllowInterleave Value="True" />
      <!-- Allowed values are 'True' and 'False' -->
      <AllowMultipleOpen Value="False" />
      <!-- Allowed values are 'True' and 'False' -->
      <AllowtDuplicatedBlocks Value="True" />
      <!-- Allowed values are 'True' and 'False' -->
      <AutoBaudRate Value="True" />
      <!-- Allowed values are 'True' and 'False' -->
      <AutoDevice Value="True" />
      <!-- Allowed values are 'True' and 'False' -->
      <BaudRate Value="9600" />
      <!-- Default value is '9600' -->
      <ConnectionMode Value="Passive" />
      <!-- Allowed values are 'Active' and 'Passive' -->
      <DeviceID Value="0" />
      <IgnoreSystemByte Value="True" />
      <!-- Allowed values are 'True' and 'False' -->
      <IsSecsHost Value="False" />
      <!-- Allowed values are 'True' and 'False' -->
      <LinkTestInterval Value="60" />
      <MonitorEnabled Value="False" />
      <!-- Allowed values are 'True' and 'False' -->
      <NetworkAdrressLocal Value="127.0.0.1" />
      <!--NetworkAddressRemote Value="127.0.0.1" /-->
      <NetworkPortLocal Value="5011" />
      <!--NetworkPortRemote Value="8" /-->
      <Protocol Value="HSMS" />
      <!-- Allowed values are 'HSMS', 'SECSI_RS232' and 'SECSI_TCP' -->
      <RetryLimit Value="3" />
      <SerialPortName Value="COM3" />
      <T1 Value="1" />
      <T2 Value="2" />
      <T3 Value="45" />
      <T4 Value="45" />
      <T5 Value="10" />
      <T6 Value="15" />
      <T7 Value="10" />
      <T8 Value="5" />
      <StreamFunctionFilter Value="S12F83" />
    </EAP>
    <Equipment>
      <!-- Connect EQP  knet node -->
      <LibraryType Value="XSC" />
      <!-- Allowed values are 'XSC' and 'Binary' -->
      <LibraryLocation Value="Eap.xsc" />
      <AllowInterleave Value="True" />
      <!-- Allowed values are 'True' and 'False' -->
      <AllowMultipleOpen Value="False" />
      <!-- Allowed values are 'True' and 'False' -->
      <AllowtDuplicatedBlocks Value="True" />
      <!-- Allowed values are 'True' and 'False' -->
      <AutoBaudRate Value="True" />
      <!-- Allowed values are 'True' and 'False' -->
      <AutoDevice Value="True" />
      <!-- Allowed values are 'True' and 'False' -->
      <BaudRate Value="9600" />
      <!-- Default value is '9600' -->
      <ConnectionMode Value="Active" />
      <!-- Allowed values are 'Active' and 'Passive' -->
      <DeviceID Value="0" />
      <IgnoreSystemByte Value="True" />
      <!-- Allowed values are 'True' and 'False' -->
      <IsSecsHost Value="True" />
      <!-- Allowed values are 'True' and 'False' -->
      <LinkTestInterval Value="60" />
      <MonitorEnabled Value="False" />
      <!-- Allowed values are 'True' and 'False' -->
      <!--NetworkAdrressLocal Value="127.0.0.1" /-->
      <NetworkAddressRemote Value="127.0.0.1" />
      <!--NetworkPortLocal Value="9247" /-->
      <NetworkPortRemote Value="5101" />
      <Protocol Value="HSMS" />
      <!-- Allowed values are 'HSMS', 'SECSI_RS232' and 'SECSI_TCP' -->
      <RetryLimit Value="3" />
      <SerialPortName Value="COM5" />
      <T1 Value="1" />
      <T2 Value="2" />
      <T3 Value="45" />
      <T4 Value="45" />
      <T5 Value="10" />
      <T6 Value="10" />
      <T7 Value="10" />
      <T8 Value="5" />
    </Equipment>
  </Connection>
</Connections>