<?xml version="1.0" encoding="utf-8"?>
<SimSuite>
  <Simulator>
    <Name>MES</Name>
    <ConnectionType>RV</ConnectionType>
    <MessageFormat>300Works_XML</MessageFormat>
    <SimulationLibrary>C:\Projects\EAP\MaxScend\40 QA\Simulator\Host\MES_AMAT_Tester.lib</SimulationLibrary>
    <TID_Prefix />
    <ConnectionSettings p2:type="RVSettings" xmlns:p2="http://www.w3.org/2001/XMLSchema-instance">
      <Network />
      <Service>7500</Service>
      <Daemon />
      <ListenSubject>AMAT.CIM.TEST.COMM_SRV.EQP01</ListenSubject>
      <TargetSubject>AMAT.CIM.TEST.EAP.EQP01</TargetSubject>
      <BodyField>DATA</BodyField>
      <IsUseInbox>true</IsUseInbox>
      <ReplyBySubjectInMessage>false</ReplyBySubjectInMessage>
    </ConnectionSettings>
  </Simulator>
  <Simulator>
    <Name>RMS</Name>
    <ConnectionType>RV</ConnectionType>
    <MessageFormat>300Works_XML</MessageFormat>
    <SimulationLibrary>C:\Projects\EAP\MaxScend\40 QA\Simulator\Host\MES_AMAT_RMS.lib</SimulationLibrary>
    <TID_Prefix />
    <ConnectionSettings p2:type="RVSettings" xmlns:p2="http://www.w3.org/2001/XMLSchema-instance">
      <Network />
      <Service>7500</Service>
      <Daemon />
      <ListenSubject>AMAT.CIM.TEST.RMS</ListenSubject>
      <TargetSubject>AMAT.CIM.TEST.EAP.EQP01</TargetSubject>
      <BodyField>DATA</BodyField>
      <IsUseInbox>true</IsUseInbox>
      <ReplyBySubjectInMessage>false</ReplyBySubjectInMessage>
    </ConnectionSettings>
  </Simulator>
  <!-- <Simulator>
    <Name>GUI</Name>
    <ConnectionType>RV</ConnectionType>
    <MessageFormat>300Works_XML</MessageFormat>
    <SimulationLibrary>C:\Projects\EAP\MaxScend\40 QA\Simulator\Host\AMAT_RMS_Message.lib</SimulationLibrary>
    <TID_Prefix />
    <ConnectionSettings p2:type="RVSettings" xmlns:p2="http://www.w3.org/2001/XMLSchema-instance">
      <Network />
      <Service>7500</Service>
      <Daemon />
      <ListenSubject>AMAT.CIM.TEST.EMGUI.&gt;</ListenSubject>
      <TargetSubject>AMAT.CIM.TEST.EAP.EQP01</TargetSubject>
      <BodyField>DATA</BodyField>
      <IsUseInbox>false</IsUseInbox>
      <ReplyBySubjectInMessage>false</ReplyBySubjectInMessage>
    </ConnectionSettings>
  </Simulator>  
  <Simulator>
    <Name>MES</Name>
    <ConnectionType>RV</ConnectionType>
    <MessageFormat>300Works_XML</MessageFormat>
    <SimulationLibrary>D:\EAP Tool\xStationHostSim-v1.7.1.3\xStationHostSim-v1.7.1.3\TransLib\MES_AMAT_Apolo 3T_Ex_20180604.lib</SimulationLibrary>
    <TID_Prefix />
    <ConnectionSettings p2:type="RVSettings" xmlns:p2="http://www.w3.org/2001/XMLSchema-instance">
      <Network />
      <Service>7500</Service>
      <Daemon />
      <ListenSubject>CIM.TEST.XMLCOMMSRV.EQP01</ListenSubject>
      <TargetSubject>CIM.TEST.EAP.EQP01</TargetSubject>
      <BodyField>DATA</BodyField>
      <IsUseInbox>false</IsUseInbox>
      <ReplyBySubjectInMessage>false</ReplyBySubjectInMessage>
    </ConnectionSettings>
  </Simulator> -->
</SimSuite>