<?xml version="1.0" encoding="utf-8"?>
<SimSuite>
  <Simulator>
    <Name>MES</Name>
    <ConnectionType>RV</ConnectionType>
    <MessageFormat>300Works_XML</MessageFormat>
    <SimulationLibrary>C:\Projects\EAP\MaxScend\40 QA\Simulator\Host\MES_AMAT_EtchDummy.lib</SimulationLibrary>
    <TID_Prefix />
    <ConnectionSettings p2:type="RVSettings" xmlns:p2="http://www.w3.org/2001/XMLSchema-instance">
      <Network />
      <Service>7500</Service>
      <Daemon />
      <ListenSubject>AMAT.CIM.TEST.COMM_SRV.EQP01</ListenSubject>
      <TargetSubject>AMAT.CIM.TEST.EAP.EQP01</TargetSubject>
      <BodyField>DATA</BodyField>
      <IsUseInbox>true</IsUseInbox>
    </ConnectionSettings>
  </Simulator>
  <Simulator>
    <Name>GUI</Name>
    <ConnectionType>RV</ConnectionType>
    <MessageFormat>300Works_XML</MessageFormat>
    <SimulationLibrary>C:\Projects\EAP\MaxScend\40 QA\Simulator\Host\MES_AMAT_EtchDummy.lib</SimulationLibrary>
    <TID_Prefix />
    <ConnectionSettings p2:type="RVSettings" xmlns:p2="http://www.w3.org/2001/XMLSchema-instance">
      <Network />
      <Service>7500</Service>
      <Daemon />
      <ListenSubject>AMAT.CIM.TEST.EMGUI.&gt;</ListenSubject>
      <TargetSubject>AMAT.CIM.TEST.EAP.EQP01</TargetSubject>
      <BodyField>DATA</BodyField>
      <IsUseInbox>false</IsUseInbox>
    </ConnectionSettings>
  </Simulator>
  <Simulator>
    <Name>RMS</Name>
    <ConnectionType>RV</ConnectionType>
    <MessageFormat>300Works_XML</MessageFormat>
    <SimulationLibrary>C:\Projects\EAP\MaxScend\40 QA\Simulator\Host\MES_AMAT_RMS.lib</SimulationLibrary>
    <TID_Prefix />
    <ConnectionSettings p2:type="RVSettings" xmlns:p2="http://www.w3.org/2001/XMLSchema-instance">
      <Network />
      <Service>7500</Service>
      <Daemon />
      <ListenSubject>AMAT.CIM.TEST.RMS_SRV.EQP01</ListenSubject>
      <TargetSubject>AMAT.CIM.TEST.EAP.EQP01</TargetSubject>
      <BodyField>DATA</BodyField>
      <IsUseInbox>true</IsUseInbox>
    </ConnectionSettings>
  </Simulator>
</SimSuite>